Libro,Precio_ars
Una Familia Anormal,"$879,00"
Las Señoritas,"$1.499,00"
Matilde Debe Morir,"$985,00"
Perfectos Mentirosos,"$1.399,00"
Simplemente Charli,"$999,00"
De Mayor Quiero Ser ... Feliz,"$899,00"
Invictor Y Mayo En Busca De La Esmeralda,"$1.399,00"
La Vida Invisible De Addie Larue,"$2.150,00"
Una Familia Anormal,"$849,00"
Todo Este Tiempo,"$1.699,00"
Heist,"$1.869,00"
La Batalla Del Futuro,"$1.590,00"
Una Familia Anormal,"$849,00"
Una Familia Anormal,"$849,00"
"1. Anne , La De Tejados Verdes","$985,00"
Un Cuento Perfecto,"$2.499,00"
1. Harry Potter Y La Piedra Filosofal ( Bolsillo ),"$1.599,00"
El Mundo De Lyna,"$749,00"
Yo Recordare Por Ustedes,"$1.690,00"
Todo Lo Que Nunca Fuimos,"$1.520,00"
Una Abuela Anormal,"$849,00"
Todo Lo Que Somos Juntos,"$1.520,00"
1. El Ladron Del Rayo ( Percy Jackson Y Los Dioses Del Olimpo ),"$1.599,00"
La Tia Cosima,"$949,00"
Juga Con Lyna,"$749,00"
Una Luz Fuerte Y Brillante,"$2.050,00"
Still With You,"$1.490,00"
El Funcionamiento General Del Mundo,"$1.799,00"
El Libro De Los Peque/Os Grandes Artistas,"$1.275,00"
Lore,"$1.990,00"
Hecha De Estrellas,"$1.139,00"
Despues,"$1.999,00"
Cinder  ( Libro 1 De La Saga Cronicas Lunares ),"$1.399,00"
Riusplay Y El Hechizo De La Luna Llena,"$1.299,00"
Un Vecino Anormal,"$849,00"
Los Cuatro Acuerdos,"$1.890,00"
Los Compas Y La Camara Del Tiempo,"$1.930,00"
Asesino De Brujas  ( Libro 2 Saga Asesino De Brujas ),"$1.950,00"
Ariadna,"$1.800,00"
Heartstopper 3,"$999,00"
Yoga,"$1.595,00"
Cuentos Cortos Para Soñar 3,"$790,00"
35. Gaturro,"$638,00"
A Traves De Mi Ventana,"$1.749,00"
"2. Anne, La De Tejados Verdes : Anne, La De Avonlea","$1.395,00"
Catedrales,"$1.699,00"
Escape Book : Prisionero Del Overworld,"$719,00"
2. Harry Potter Y La Camara Secreta ( Bolsillo ),"$1.599,00"
Heartstopper 2,"$999,00"
( Mal ) Educadas,"$1.320,00"
Cuentos Cortos Para Soñar 2,"$790,00"
Cuentos Cortos Para Soñar,"$790,00"
Enciclopedia De Los Cuentos Clasicos,"$1.539,00"
Rota Se Camina Igual,"$1.369,00"
Los Compas Perdidos En El Espacio,"$1.790,00"
Cometierra,"$1.100,00"
Matilde Decide Vivir,"$985,00"
Diario De Pilar En Amazonas,"$829,00"
Caos,"$1.649,00"
Pokemon Guia Oficial De La Region Galar,"$1.289,00"
Cuentos Cortos Para Soñar 4,"$790,00"
Burundi : De Largos Misterios Y Lineas Perdidas,"$990,00"
Asesino De Brujas  ( Libro 1 Saga Asesino De Brujas ),"$1.790,00"
El Manuscrito,"$1.999,00"
Las Gratitudes,"$1.295,00"
Las Malas,"$1.560,00"
Diario De Pilar En Egipto,"$829,00"
Diario De Pilar En Machu Picchu,"$829,00"
1. Harry Potter Y La Piedra Filosofal,"$2.049,00"
Una Educacion Mortal,"$1.750,00"
Una Historia Argentina En Tiempo Real,"$2.690,00"
3. Harry Potter Y El Prisionero De Azkaban ( Bolsillo ),"$1.599,00"
Heartstopper,"$999,00"
La Tierra De Las Historias  ( Libro 1 De La Tierra De Las Historias ),"$1.449,00"
Las Cosas Que Perdimos En El Fuego,"$1.195,00"
En El Limbo,"$1.449,00"
33 Razones Para Volver A Verte  ( Libro 1 Serie Volver A Ti ),"$1.850,00"
La Selva,"$2.090,00"
"Nosotros , Los Caserta","$1.330,00"
Nadar De Noche,"$1.300,00"
La Vaca Se Empaca,"$1.250,00"
"Padre Rico , Padre Pobre ( 20 Años )","$1.399,00"
"Burundi : De Espejos , Alturas Y Jirafas","$990,00"
Diario De Pilar En China,"$829,00"
Luca : La Historia De La Pelicula,"$799,00"
3. Banana Fish,"$1.100,00"
Cuentos De Buenas Noches Para Niñas Rebeldes,"$2.170,00"
Diario De Pilar En Africa,"$829,00"
Todas Nuestras Noches,"$1.299,00"
2. El Mar De Los Monstruos ( Percy Jackson Y Los Dioses Del Olimpo ),"$1.599,00"
Asylum,"$1.279,00"
La Granja,"$2.090,00"
1. La Seleccion,"$1.599,00"
Dimelo Bajito,"$1.799,00"
1. Caidos Del Mapa,"$899,00"
Rojava,"$1.499,00"
